,granularity,accuracy
0,1,0.8352194606028557
1,2,0.36012496449872194
2,3,0.5443645083932853
